ID;Province;Country
40000;Greenland;DK
40001;New Guinea;ID
40002;Borneo;ID
40003;MG;MG
40004;Baffin Island;CA
40005;Sumatra;ID
40006;Honshu;JP
40007;Victoria Island;CA
40008;Great Britain;GB
40009;Ellesmere Island;CA
40010;Sulawesi;ID
40011;South Island;NZ
40012;Java;ID
40013;North Island;NZ
40014;Luzon;PH
40015;Newfoundland;CA
40016;CU ;CU
40017;Iceland ;IS
40018;Mindanao;PH
40019;Ireland;IE
40020;Hokkaido;JP
40021;Hispaniola;DO
40022;Sakhalin;RU
40023;Banks Island;CA
40024;Sri Lanka ;LK
40025;Tasmania;AU
40026;Devon Island;CA
40027;Alexander Island;CL
40028;Isla Grande de Tierra del Fuego;AR
40029;Severny IslandК;RU
40030;Berkner Island;CL
40031;Axel Heiberg Island;CA
40032;Melville Island;CA
40033;Southampton Island;CA
40034;Maraj—;BR
40035;Spitsbergen;NO
40036;Kyushu;JP
40037;Taiwan ;CN
40038;New Britain;PG
40039;Prince of Wales Island;CA
40040;Yuzhny IslandК;RU
40041;Hainan;CN
40042;Vancouver Island;CA
40043;Timor;ID
40044;Sicily;IT
40045;Somerset Island;CA
40046;Kotelny Island;RU
40047;Sardinia;IT
40048;Bananal;BR
40049;Shikoku;JP
40050;Halmahera;ID
40051;Seram Island;ID
40052;NewCAledoniaК;FR
40053;Bathurst Island;CA
40054;Prince Patrick Island;CA
40055;Thurston Island;
40056;Nordaustlandet;NO
40057;Sumbawa;ID
40058;October Revolution Island ;RU
40059;Flores;ID
40060;King William Island;CA
40061;Negros;PH
40062;Samar;PH
40063;Palawan;PH
40064;Panay;PH
40065;Yos Sudarso ;ID
40066;Bangka;ID
40067;Ellef Ringnes Island;CA
40068;Bolshevik Island;RU
40069;Jamaica;JM
40070;Bylot Island;CA
40071;Sumba;ID
40072;Mindoro;PH
40073;Viti Levu;FJ
40074;Hawai'i ;US
40075;Cape Breton Island;CA
40076;Prince Charles Island;CA
40077;Bougainville Island;PG
40078;Kodiak Island;US
40079;Cyprus;CY
40080;Puerto Rico;PR
40081;Komsomolets Island;RU
40082;Corsica;FR
40083;Qeqertarsuaq ;DK
40084;Carney Island;
40085;ChiloЋ Island;CL
40086;Buru;ID
40087;Crete;GR
40088;Anticosti Island;CA
40089;Roosevelt Island;NZ
40090;Wrangel Island ;RU
40091;TupinambaranaК;BR
40092;New Ireland;PG
40093;Leyte;PH
40094;East Falkland;GB
40095;Zealand ;DK
40096;Cornwallis Island;CA
40097;Prince of Wales Island;US
40098;Kerguelen  ;FR
40099;Siple Island;
40100;Graham Island;CA
40101;New Siberia ;RU
40102;Melville Island;AU
40103;Prince Edward Island;CA
40104;Vanua Levu;FJ
40105;Wellington Island;CL
40106;Coats Island;CA
40107;Bali;ID
40108;Chichagof Island;US
40109;Guadalcanal;SB
40110;Amund Ringnes Island;CA
40111;Great Lyakhovsky Island ;RU
40112;St. Lawrence Island;US
40113;Riesco Island;CL
40114;Edge_ya;NO
40115;Mackenzie King Island;CA
40116;Trinidad;TT
40117;Caviana;BR
40118;Kolguyev Island;RU
40119;Ilha Grande de Gurup‡;BR
40120;Isabela Island;EC
40121;North Jutlandic Island ;DK
40122;Lombok;ID
40123;West Falkland;GB
40124;Belitung;ID
40125;Cebu;PH
40126;Adelaide Island;PH
40127;Stefansson Island;CA
40128;Madura Island;ID
40129;Buton;ID
40130;Kangaroo Island;AU
40131;Admiralty Island;US
40132;Nunivak Island;US
40133;Unimak Island;US
40134;Hoste Island;CL
40135;Spaatz Island;
40136;Baranof Island;US
40137;Nias;ID
40138;Espiritu Santo;VU
40139;Milne Land;DK
40140;Malaita;SB
40141;Siberut;ID
40142;Bohol;PH
40143;South Georgia;GB
40144;EuboeaК;GR
40145;Santa InЋs Island;CL
40146;Majorca;ES
40147;Santa Isabel Island;SB
40148;Long Island;US
40149;Socotra;YE
40150;Wetar;ID
40151;TupinambaranaК;BR
40152;Traill Island;DK
40153;Bear Island;
40154;North Andros Island;BS
40155;Vaygach Island;RU
40156;Masbate Island;PH
40157;Iturup ;RU
40158;MakiraК;SB
40159;Mansel Island;CA
40160;Yamdena;ID
40161;Waigeo;ID
40162;Akimiski Island;CA
40163;Gotland;SE
40164;FunenК;DK
40165;Choiseul Island;SB
40166;Revillagigedo Island;US
40167;Taliabu;ID
40168;Muna Island;ID
40169;Zemlya Georga;RU
40170;Kupreanof Island;US
40171;Borden Island;CA
40172;North Andaman Island;IN
40173;Manitoulin Island;CA
40174;Unalaska Island;US
40175;Saaremaa;EE
40176;Moresby Island;CA
40177;James Ross Island;CL
40178;Obira;ID
40179;RЋunion;FR
40180;Navarino Island;CL
40181;Paramushir;RU
40182;Ross Island;
40183;Ymer Island;DK
40184;Anvers Island;NZ
40185;Karaginsky Island;RU
40186;Cornwall Island;CA
40187;Peleng;ID
40188;Groote Eylandt;AU
40189;Yapen;ID
40190;Morotai;ID
40191;Princess Royal Island;CA
40192;Isla de la Juventud;CU
40193;Wilczek Land;RU
40194;Hinn_ya;NO
40195;Nelson Island;US
40196;Richards Island;CA
40197;Trangan;ID
40198;Alor Island;ID
40199;Margarita Island;CO
40200;Lewis and Harris;GB
40201;Laut Island;ID
40202;Malakula;VU
40203;New Georgia;SB
40204;Misool;ID
40205;Magdalena Island;CL
40206;RenЋ-Levasseur Island;CA
40207;Tenerife;ES
40208;Ayon Island;RU
40209;Kuiu Island;US
40210;Manus Island;PG
40211;Bioko;GQ
40212;Biak;ID
40213;Maui;US
40214;Bacan;ID
40215;лitnщ ostrov;SK
40216;MU;MU
40217;Fraser Island;AU
40218;Jejudo;KR
40219;Stewart Island/Rakiura;NZ
40220;Bely Island;RU
40221;Afognak;US
40222;Umnak;US
40223;Bolshoy Shantar Island;RU
40224;Bolshoy Begichev Island;RU
40225;Simeulue;ID
40226;Kobroor;ID
40227;Air Force Island;CA
40228;Natuna Besar;ID
40229;Savai'i;WS
40230;Geographical Society Island;DK
40231;Bathurst Island;AU
40232;Bering Island;RU
40233;Skye;GB
40234;LesbosК;GR
40235;Soisalo;FI
40236;Fuerteventura;ES
40237;Salawati;ID
40238;Great Inagua;BS
40239;Kunashir Island;RU
40240;Joinville Island;CL
40241;Tanahbesar ;ID
40242;Rantau;ID
40243;Senja;NO
40244;Flaherty Island;CA
40245;Oahu;US
40246;Zanzibar ;TZ
40247;Graham Bell Island;RU
40248;Eglinton Island;CA
40249;Middle Andaman Island;IN
40250;Clavering Island;DK
40251;GranCAnaria;ES
40252;Pioneer Island;RU
40253;Great Karimun;ID
40254;Catanduanes;PH
40255;Rupat;ID
40256;Qeshm;IR
40257;Nares Land;DK
40258;South Andros Island;BS
40259;Bhola Island;BD
40260;Fergusson Island;PG
40261;Urup;RU
40262;Kauai;US
40263;S_o Lu’s Island;BR
40264;Rhodes;GR
40265;King George Island;CL
40266;Graham Island;CA
40267;Pitt Island;CA
40268;Nottingham Island;CA
40269;Desolaci—n Island;CL
40270;Ramree Island;MM
40271;Flinders Island;AU
40272;…land;SE
40273;Lougheed Island;CA
40274;Dawson Island;CL
40275;Barents_yaК;NO
40276;LembataК;ID
40277;Chongming Island;CN
40278;Basilan;PH
40279;Shannon Island;DK
40280;Mill Island;AU
40281;Morfil;SN
40282;Lolland;DK
40283;Mangole Island;ID
40284;New Hanover Island ;PG
40285;Rote Island;ID
40286;South Andaman Island;IN
40287;Okinawa Island;JP
40288;Oleniy Island;RU
40289;Tibur—n Island;MX
40290;Campana Island;CL
40291;Bintan Island;ID
40292;Martinique;FR
40293;Aracena Island;CL
40294;Sherman Island;
40295;Byam Martin Island;CA
40296;Great Abaco;BS
40297;Lifou Island;FR
40298;Wales Island;CA
40299;_le Vanier;CA
40300;Upolu;WS
40301;King Island;AU
40302;Clarence Island;CL
40303;Padang Island;ID
40304;Grand Bahama;BS
40305;Alexandra Land ;RU
40306;Rowley Island;CA
40307;Hecla Island;CA
40308;Tahiti;FR
40309;SЉЉminginsalo;FI
40310;Serrano Island;CL
40311;Atka Island;US
40312;Cameron Island;CA
40313;Gallya ;RU
40314;Madre de Dios Island;CL
40315;Normanby Island;PG
40316;Hiiumaa;EE
40317;Resolution Island;CA
40318;Grande Comore;KM
40319;Mornington Island;AU
40320;Smyley Island;CL
40321;Vansittart Island;CA
40322;Maya Karimata;ID
40323;Santiago;CV
40324;Banks Island;CA
40325;Santa Cruz;EC
40326;Brabant Island;CL
40327;Maly Lyakhovsky Island;RU
40328;Livingston Island;CL
40329;Shetland Mainland;GB
40330;Flevopolder;NL
40331;Salisbury Island;RU
40332;Isla Margarita;VE
40333;Great Nicobar Island;IN
40334;Meighen Island;CA
40335;Isla зngel de la Guarda;MX
40336;Russell Island;CA
40337;Umboi Island;PG
40338;Bengkalis;ID
40339;Rџgen;DE
40340;Jens Munk Island;CA
40341;Marinduque;PH
40342;Rangsang;ID
40343;Akpatok Island;CA
40344;Efate;VU
40345;South Pagai;ID
40346;Attu Island;US
40347;Pemba Island;TZ
40348;Busuanga Island;PH
40349;Lingga Island;ID
40350;Erromango;VU
40351;Mull;GB
40352;Cape Cod;US
40353;Basse-Terre Island;FR
40354;Woodlark IslandК;PG
40355;Kabaena;ID
40356;Etolin Island;US
40357;Jolo;PH
40358;VanatinaiК;PG
40359;Melchor Island;CL
40360;Bubiyan Island;KW
40361;Lang_ya;NO
40362;Sado Island;JP
40363;S_o TomЋ Island;ST
40364;Sibiryakov Island;RU
40365;Karakelong;ID
40366;Tablas Island;PH
40367;ChiosК;GR
40368;S_r_ya;NO
40369;Hanover Island;CL
40370;King Island;CA
40371;Ambon Island;ID
40372;Salisbury Island;CA
40373;Sammisoq;DK
40374;Big Island;CA
40375;Lanzarote;ES
40376;White Island;CA
40377;Santo Ant_o;CV
40378;Dominica;DO
40379;Cayo Romano;CU
40380;CephaloniaК;GR
40381;Ammassalik Island;DK
40382;Dinagat Island;PH
40383;S_o Miguel Island;PL
40384;Grant Island;PL
40385;Brock Island;CA
40386;Prat Island;CL
40387;Singkep;ID
40388;Dahlak KebirК;ER
40389;Madeira Island;PL
40390;Mezhdusharsky Island;RU
40391;Chatham Island;NZ
40392;Gon_ve IslandК;HT
40393;Kval_ya;NO
40394;Olkhon Island;RU
40395;Adak Island;US
40396;Montague Island;US
40397;Pantar;ID
40398;Wowoni Island;ID
40399;Amami ?shima;JP
40400;Little Andaman;IN
40401;Pulau Ujong ;SG
40402;Tsushima Island;JP
40403;Latady Island;CL
40404;Chatham Island;CL
40405;Komoran;ID
40406;Drygalski Island;AU
40407;Minorca;ES
40408;La Palma;ES
40409;Bray Island;CA
40410;Kolombangara;SB
40411;Goodenough Island;PG
40412;Fasta _land;FI
40413;Buka Island;PG
40414;Kvit_ya;NO
40415;Ambrym;VU
40416;Molokai;US
40417;Bahrain Island;BH
40418;Selayar Island;ID
40419;Rennell Island;SB
40420;Supiori Island;ID
40421;MarЋ Island;FR
40422;Ringvass_y;NO
40423;Alluttoq Island;DK
40424;Dall Island;US
40425;Anglesey ;GB
40426;Masirah Island;OM
40427;King Christian Island;CA
40428;Londonderry Island;CL
40429;Saint Lucia;LC
40430;Grande-Terre;FR
40431;Foley Island;CA
40432;Boa Vista;CV
40433;Kuhn Island;DK
40434;Samosir;ID
40435;Fernandina Island;EC
40436;Polillo Island;PH
40437;Vella Lavella;SB
40438;Corfu;GR
40439;Contreras Island;CL
40440;Dirk Hartog Island;AU
40441;North Pagai;ID
40442;Islay;GB
40443;Salsette Island;IN
40444;Benjamin Island;CL
40445;Renaud Island;CL
40446;Store Koldewey;DK
40447;Prins Karls Forland;NO
40448;MacKlintok Island;RU
40449;Sipura;ID
40450;Sherbro Island;SL
40451;Awaji Island;JP
40452;Gordon Island;CL
40453;North Kent Island;CA
40454;Bornholm;DK
40455;Masson Island;DK
40456;Hendrik Island;DK
40457;Tawi-Tawi;PH
40458;Ibiza;ES
40459;SantiagoК;EC
40460;Isle of Man;GB
40461;Hitra;NO
40462;Patricio Lynch Island;CL
40463;Guimaras;PH
40464;Wrangell Island;US
40465;Seiland;NO
40466;Elephant Island;CL
40467;Sanana Island;ID
40468;Tanna;VU
40469;Sangir Island;ID
40470;Kai Besar;ID
40471;Emerald Isle;CA
40472;San Crist—bal Island;EC
40473;Mitkof Island;US
40474;Phuket;TH
40475;Guam;US
40476;Upernivik Island;DK
40477;Isle Royale;US
40478;Orkney Mainland;GB
40479;Padre Island;US
40480;Cozumel;MX
40481;Long Island;BS
40482;Jorge Montt Island;CL
40483;Belkovsky Island;RU
40484;Ukerewe Island;TZ
40485;Mornington Island;CL
40486;Tanaga Island;US
40487;Austv_g_y;NO
40488;Kimitoљn Island;FI
40489;Cheduba Island;MM
40490;DjerbaК;TN
40491;Duke of York Island;CL
40492;Porcher Island;CA
40493;Jackson IslandК;RU
40494;Traiguen Island;CL
40495;Esmeralda Island;CL
40496;And_ya;NO
40497;Nootka Island;CA
40498;Adonara;ID
40499;Vangunu;SB
40500;Acklins;BS
40501;Nendo Island;SB
40502;Yakushima;JP
40503;Coiba;PA
40504;Zhoushan Island;CN
40505;Biliran;PH
40506;Isla de los Estados;AR
40507;Long Island;PG
40508;Hearst Island;CL
40509;Rothschild Island;CL
40510;Pristina;-99
40511;Ðakovica;-99
40512;Ras Al Khaymah;AE
40513;Abu Dhabi;AE
40514;Umm Al Qaywayn;AE
40515;Dubay;AE
40516;Sharjah;AE
40517;Fujayrah;AE
40518;Badghis;AF
40519;Nimroz;AF
40520;Ghazni;AF
40521;Samangan;AF
40522;Badakhshan;AF
40523;Kunar;AF
40524;Bamyan;AF
40525;Kapisa;AF
40526;Farah;AF
40527;Uruzgan;AF
40528;Hilmand;AF
40529;Paktika;AF
40530;Hirat;AF
40531;Kandahar;AF
40532;Balkh;AF
40533;Zabul;AF
40534;Wardak;AF
40535;Logar;AF
40536;Laghman;AF
40537;Ghor;AF
40538;Baghlan;AF
40539;Kabul;AF
40540;Jawzjan;AF
40541;Faryab;AF
40542;Parwan;AF
40543;Takhar;AF
40544;Nangarhar;AF
40545;Paktya;AF
40546;Kunduz;AF
40547;Fier;AL
40548;Berat;AL
40549;Lezhë;AL
40550;Korçë;AL
40551;Elbasan;AL
40552;Dibër;AL
40553;Gjirokastër;AL
40554;Kukës;AL
40555;Shkodër;AL
40556;Vlorë;AL
40557;Durrës;AL
40558;Vayots Dzor;AM
40559;Aragatsotn;AM
40560;Ararat;AM
40561;Lori;AM
40562;Shirak;AM
40563;Gegharkunik;AM
40564;Erevan;AM
40565;Tavush;AM
40566;Benguela;AO
40567;Luanda;AO
40568;Huíla;AO
40569;Zaire;AO
40570;Lunda Sul;AO
40571;Namibe;AO
40572;Uíge;AO
40573;Cuando Cubango;AO
40574;Lunda Norte;AO
40575;Moxico;AO
40576;Cuanza Norte;AO
40577;Bié;AO
40578;Bengo;AO
40579;Malanje;AO
40580;Cunene;AO
40581;Cabinda;AO
40582;Cuanza Sul;AO
40583;Huambo;AO
40584;Salta;AR
40585;Santa Cruz;AR
40586;Santa Fe;AR
40587;San Juan;AR
40588;Tucumán;AR
40589;La Pampa;AR
40590;Mendoza;AR
40591;Ciudad de Buenos Aires;AR
40592;La Rioja;AR
40593;Chaco;AR
40594;Tierra del Fuego;AR
40595;Chubut;AR
40596;Jujuy;AR
40597;Catamarca;AR
40598;Río Negro;AR
40599;Entre Ríos;AR
40600;San Luis;AR
40601;Corrientes;AR
40602;Santiago del Estero;AR
40603;Neuquén;AR
40604;Formosa;AR
40605;Misiones;AR
40606;Córdoba;AR
40607;Burgenland;AT
40608;Niederösterreich;AT
40609;Salzburg;AT
40610;Vorarlberg;AT
40611;Oberösterreich;AT
40612;Kärnten;AT
40613;Steiermark;AT
40614;Tirol;AT
40615;Wien;AT
40616;Tasmania;AU
40617;Northern Territory;AU
40618;Queensland;AU
40619;Australian Capital Territory;AU
40620;New South Wales;AU
40621;Western Australia;AU
40622;South Australia;AU
40623;Victoria;AU
40624;Finström;AX
40625;Naxçivan;AZ
40626;Xocali;AZ
40627;Baki;AZ
40628;Sumqayit;AZ
40629;S?ki;AZ
40630;Astara;AZ
40631;Ganca;AZ
40632;Yevlax;AZ
40633;?li Bayramli;AZ
40634;Z?ngilan;AZ
40635;Qabala;AZ
40636;Goranboy;AZ
40637;Tovuz;AZ
40638;Gadabay;AZ
40639;Göyçay;AZ
40640;Oguz;AZ
40641;Serbian Republic;BA
40642;Sarajevo;BA
40643;Zenica-Doboj;BA
40644;Herzegovina-Neretva;BA
40645;Tuzla;BA
40646;Saint Michael;BB
40647;Barisal;BD
40648;Sylhet;BD
40649;Rajshahi;BD
40650;Chittagong;BD
40651;Khulna;BD
40652;Dhaka;BD
40653;Liege;BE
40654;Limburg;BE
40655;Hainaut;BE
40656;Namur;BE
40657;Brussels;BE
40658;Brugge;BE
40659;Arlon;BE
40660;East Flanders;BE
40661;Antwerp;BE
40662;Charleroi;BE
40663;Yatenga;BF
40664;Sourou;BF
40665;Gnagna;BF
40666;Kadiogo;BF
40667;Sissili;BF
40668;Passoré;BF
40669;Kénédougou;BF
40670;Ganzourgou;BF
40671;Kossi;BF
40672;Mou Houn;BF
40673;Tapoa;BF
40674;Bougouriba;BF
40675;Soum;BF
40676;Séno;BF
40677;Poni;BF
40678;Gourma;BF
40679;Namentenga;BF
40680;Oubritenga;BF
40681;Boulgou;BF
40682;Boulkiemdé;BF
40683;Ziro;BF
40684;Nahouri;BF
40685;Houet;BF
40686;Banwa;BF
40687;Sanguié;BF
40688;Komoé;BF
40689;Yagha;BF
40690;Bazéga;BF
40691;Oudalan;BF
40692;Zoundwéogo;BF
40693;Sanmatenga;BF
40694;Kouritenga;BF
40695;Grad Sofiya;BG
40696;Vratsa;BG
40697;Stara Zagora;BG
40698;Haskovo;BG
40699;Montana;BG
40700;Pernik;BG
40701;Kyustendil;BG
40702;Dobrich;BG
40703;Ruse;BG
40704;Lovech;BG
40705;Sliven;BG
40706;Burgas;BG
40707;Pleven;BG
40708;Plovdiv;BG
40709;Veliko Tarnovo;BG
40710;Shumen;BG
40711;Razgrad;BG
40712;Varna;BG
40713;Bubanza;BI
40714;Bururi;BI
40715;Muyinga;BI
40716;Cankuzo;BI
40717;Ngozi;BI
40718;Kayanza;BI
40719;Kirundo;BI
40720;Muramvya;BI
40721;Rutana;BI
40722;Ruyigi;BI
40723;Makamba;BI
40724;Bujumbura Mairie;BI
40725;Karuzi;BI
40726;Atlantique;BJ
40727;Donga;BJ
40728;Ouémé;BJ
40729;Borgou;BJ
40730;Mono;BJ
40731;Zou;BJ
40732;Atakora;BJ
40733;Alibori;BJ
40734;Brunei and Muara;BN
40735;Tarija;BO
40736;Oruro;BO
40737;Potosí;BO
40738;El Beni;BO
40739;Pando;BO
40740;Chuquisaca;BO
40741;Santa Cruz;BO
40742;La Paz;BO
40743;Cochabamba;BO
40744;Sergipe;BR
40745;Goiás;BR
40746;Maranhão;BR
40747;Santa Catarina;BR
40748;Pará;BR
40749;Rio de Janeiro;BR
40750;Espírito Santo;BR
40751;Rio Grande do Norte;BR
40752;Pernambuco;BR
40753;Amazonas;BR
40754;Rio Grande do Sul;BR
40755;Acre;BR
40756;Bahia;BR
40757;Paraná;BR
40758;Minas Gerais;BR
40759;Rondônia;BR
40760;Amapá;BR
40761;Mato Grosso;BR
40762;Piauí;BR
40763;Distrito Federal;BR
40764;Mato Grosso do Sul;BR
40765;Roraima;BR
40766;Paraíba;BR
40767;São Paulo;BR
40768;Ceará;BR
40769;Alagoas;BR
40770;Tocantins;BR
40771;Wangdi Phodrang;BT
40772;Punakha;BT
40773;Thimphu;BT
40774;Ghanzi;BW
40775;Kgatleng;BW
40776;Central;BW
40777;Southern;BW
40778;Kgalagadi;BW
40779;North-West;BW
40780;Kweneng;BW
40781;South-East;BW
40782;Homyel';BY
40783;Vitsyebsk;BY
40784;Brest;BY
40785;Hrodna;BY
40786;Minsk;BY
40787;Mahilyow;BY
40788;Belize;BZ
40789;Orange Walk;BZ
40790;Stann Creek;BZ
40791;Cayo;BZ
40792;Toledo;BZ
40793;Corozal;BZ
40794;Alberta;CA
40795;Nova Scotia;CA
40796;Saskatchewan;CA
40797;Prince Edward Island;CA
40798;Québec;CA
40799;Northwest Territories;CA
40800;British Columbia;CA
40801;New Brunswick;CA
40802;Manitoba;CA
40803;Newfoundland and Labrador;CA
40804;Ontario;CA
40805;Nunavut;CA
40806;Yukon;CA
40807;Bas-Congo;CD
40808;Katanga;CD
40809;Kinshasa City;CD
40810;Sud-Kivu;CD
40811;Kasaï-Occidental;CD
40812;Kasaï-Oriental;CD
40813;Équateur;CD
40814;Orientale;CD
40815;Maniema;CD
40816;Bandundu;CD
40817;Nord-Kivu;CD
40818;Haute-Kotto;CF
40819;Bamingui-Bangoran;CF
40820;Haut-Mbomou;CF
40821;Lobaye;CF
40822;Ouaka;CF
40823;Nana-Mambéré;CF
40824;Mbomou;CF
40825;Ouham-Pendé;CF
40826;Ouham;CF
40827;Basse-Kotto;CF
40828;Kémo;CF
40829;Vakaga;CF
40830;Mambéré-Kadéï;CF
40831;Bangui;CF
40832;Nana-Grébizi;CF
40833;Sangha-Mbaéré;CF
40834;Bouenza;CG
40835;Pool;CG
40836;Cuvette;CG
40837;Plateaux;CG
40838;Cuvette-Ouest;CG
40839;Lékoumou;CG
40840;Likouala;CG
40841;Niari;CG
40842;Sangha;CG
40843;Kouilou;CG
40844;Neuchâtel;CH
40845;Vaud;CH
40846;Basel-Stadt;CH
40847;Thurgau;CH
40848;Appenzell Ausserrhoden;CH
40849;Schaffhausen;CH
40850;Appenzell Innerrhoden;CH
40851;Graubünden;CH
40852;Glarus;CH
40853;Ticino;CH
40854;Nidwalden;CH
40855;Zug;CH
40856;Sankt Gallen;CH
40857;Obwalden;CH
40858;Solothurn;CH
40859;Fribourg;CH
40860;Jura;CH
40861;Genève;CH
40862;Lucerne;CH
40863;Schwyz;CH
40864;Basel-Landschaft;CH
40865;Valais;CH
40866;Aargau;CH
40867;Zürich;CH
40868;Bern;CH
40869;Uri;CH
40870;Zanzan;CI
40871;Lagunes;CI
40872;Worodougou;CI
40873;Marahoué;CI
40874;Bafing;CI
40875;N'zi-Comoé;CI
40876;Sud-Bandama;CI
40877;Vallée du Bandama;CI
40878;Denguélé;CI
40879;Haut-Sassandra;CI
40880;Bas-Sassandra;CI
40881;Sud-Comoé;CI
40882;Savanes;CI
40883;Agnéby;CI
40884;Dix-Huit Montagnes;CI
40885;Fromager;CI
40886;Lacs;CI
40887;Moyen-Comoe;CI
40888;Moyen-Cavally;CI
40889;La Araucanía;CL
40890;Los Ríos;CL
40891;Arica y Parinacota;CL
40892;Antofagasta;CL
40893;Magallanes y Antártica Chilena;CL
40894;Santa Cruz;CL
40895;Tarapacá;CL
40896;Bío-Bío;CL
40897;Aisén del General Carlos Ibáñez del Campo;CL
40898;Libertador General Bernardo O'Higgins;CL
40899;Valparaíso;CL
40900;Atacama;CL
40901;Región Metropolitana de Santiago;CL
40902;Coquimbo;CL
40903;Los Lagos;CL
40904;Maule;CL
40905;Sud;CM
40906;Adamaoua;CM
40907;Littoral;CM
40908;Ouest;CM
40909;Sud-Ouest;CM
40910;Nord;CM
40911;Est;CM
40912;Nord-Ouest;CM
40913;Extrême-Nord;CM
40914;Centre;CM
40915;Chongqing;CN
40916;Liaoning;CN
40917;Yunnan;CN
40918;Fujian;CN
40919;Guangdong;CN
40920;Nei Mongol;CN
40921;Shanxi;CN
40922;Henan;CN
40923;Shandong;CN
40924;Beijing;CN
40925;Hebei;CN
40926;Jiangxi;CN
40927;Hubei;CN
40928;Shaanxi;CN
40929;Gansu;CN
40930;Shanghai;CN
40931;Guizhou;CN
40932;Tianjin;CN
40933;Xizang;CN
40934;Hunan;CN
40935;Jiangsu;CN
40936;Zhejiang;CN
40937;Sichuan;CN
40938;Xinjiang Uygur;CN
40939;Anhui;CN
40940;Ningxia Hui;CN
40941;Jilin;CN
40942;Hainan;CN
40943;Heilongjiang;CN
40944;Guangxi;CN
40945;Putumayo;CO
40946;Cundinamarca;CO
40947;Vichada;CO
40948;Sucre;CO
40949;Santander;CO
40950;Cauca;CO
40951;Cesar;CO
40952;Caldas;CO
40953;Atlántico;CO
40954;Huila;CO
40955;Tolima;CO
40956;La Guajira;CO
40957;Bolívar;CO
40958;Antioquia;CO
40959;Chocó;CO
40960;Norte de Santander;CO
40961;Arauca;CO
40962;Bogota;CO
40963;Quindío;CO
40964;Casanare;CO
40965;Magdalena;CO
40966;Amazonas;CO
40967;Guainía;CO
40968;Risaralda;CO
40969;Meta;CO
40970;Boyacá;CO
40971;Nariño;CO
40972;Vaupés;CO
40973;Córdoba;CO
40974;Valle del Cauca;CO
40975;Caquetá;CO
40976;Heredia;CR
40977;Puntarenas;CR
40978;Limón;CR
40979;Guanacaste;CR
40980;Cartago;CR
40981;San José;CR
40982;Alajuela;CR
40983;Granma;CU
40984;La Habana;CU
40985;Guantánamo;CU
40986;Holguín;CU
40987;Matanzas;CU
40988;Pinar del Río;CU
40989;Isla de la Juventud;CU
40990;Camagüey;CU
40991;Santiago de Cuba;CU
40992;Ciego de Ávila;CU
40993;Las Tunas;CU
40994;Ciudad de la Habana;CU
40995;Villa Clara;CU
40996;Sancti Spíritus;CU
40997;Cienfuegos;CU
40998;Limassol;CY
40999;Paphos;CY
41000;Larnaca;CY
41001;Moravskoslezský;CZ
41002;Prague;CZ
41003;Jihoceský;CZ
41004;Královéhradecký;CZ
41005;Liberecký;CZ
41006;Karlovarský;CZ
41007;Kraj Vysocina;CZ
41008;Mecklenburg-Vorpommern;DE
41009;Niedersachsen;DE
41010;Hessen;DE
41011;Saarland;DE
41012;Sachsen-Anhalt;DE
41013;Sachsen;DE
41014;Rheinland-Pfalz;DE
41015;Thüringen;DE
41016;Schleswig-Holstein;DE
41017;Bremen;DE
41018;Brandenburg;DE
41019;Nordrhein-Westfalen;DE
41020;Bayern;DE
41021;Berlin;DE
41022;Baden-Württemberg;DE
41023;Hamburg;DE
41024;Obock;DJ
41025;Ali Sabieh;DJ
41026;Tadjourah;DJ
41027;Dikhil;DJ
41028;Djibouti;DJ
41029;Sjaælland;DK
41030;Syddanmark;DK
41031;Nordjylland;DK
41032;Hovedstaden;DK
41033;Midtjylland;DK
41034;Saint George;DM
41035;Independencia;DO
41036;La Romana;DO
41037;Monte Plata;DO
41038;Hato Mayor;DO
41039;María Trinidad Sánchez;DO
41040;La Altagracia;DO
41041;Barahona;DO
41042;Bahoruco;DO
41043;San Pedro de Macorís;DO
41044;Samaná;DO
41045;Hermanas;DO
41046;La Vega;DO
41047;Santiago;DO
41048;San Cristóbal;DO
41049;Puerto Plata;DO
41050;Distrito Nacional;DO
41051;El Seybo;DO
41052;Valverde;DO
41053;Espaillat;DO
41054;Pedernales;DO
41055;San Juan;DO
41056;Elias Pina;DO
41057;Monte Cristi;DO
41058;Dajabón;DO
41059;Sánchez Ramírez;DO
41060;Santiago Rodríguez;DO
41061;Duarte;DO
41062;Azua;DO
41063;Monseñor Nouel;DO
41064;Peravia;DO
41065;Blida;DZ
41066;Constantine;DZ
41067;Tindouf;DZ
41068;Oran;DZ
41069;Illizi;DZ
41070;Ghardaïa;DZ
41071;Tiaret;DZ
41072;Tamanghasset;DZ
41073;Naâma;DZ
41074;Batna;DZ
41075;Ouargla;DZ
41076;Sidi Bel Abbès;DZ
41077;Béchar;DZ
41078;Saïda;DZ
41079;Djelfa;DZ
41080;Oum el Bouaghi;DZ
41081;Sétif;DZ
41082;Adrar;DZ
41083;Jijel;DZ
41084;Médéa;DZ
41085;Tlemcen;DZ
41086;Laghouat;DZ
41087;M'Sila;DZ
41088;El Bayadh;DZ
41089;Skikda;DZ
41090;Béjaïa;DZ
41091;Souk Ahras;DZ
41092;Annaba;DZ
41093;Guelma;DZ
41094;Bordj Bou Arréridj;DZ
41095;Tizi Ouzou;DZ
41096;Chlef;DZ
41097;Alger;DZ
41098;Mostaganem;DZ
41099;Bouira;DZ
41100;Mascara;DZ
41101;Biskra;DZ
41102;Tébessa;DZ
41103;Bolivar;EC
41104;Napo;EC
41105;Carchi;EC
41106;Manabi;EC
41107;Azuay;EC
41108;Loja;EC
41109;Pastaza;EC
41110;Los Rios;EC
41111;Guayas;EC
41112;Galápagos;EC
41113;El Oro;EC
41114;Morona Santiago;EC
41115;Cañar;EC
41116;Esmeraldas;EC
41117;Chimborazo;EC
41118;Tungurahua;EC
41119;Zamora Chinchipe;EC
41120;Pichincha;EC
41121;Imbabura;EC
41122;Cotopaxi;EC
41123;Harju;EE
41124;Ida-Viru;EE
41125;Tartu;EE
41126;Lääne;EE
41127;Viljandi;EE
41128;Pärnu;EE
41129;Al Minufiyah;EG
41130;Asyut;EG
41131;Al Wadi at Jadid;EG
41132;Shamal Sina';EG
41133;As Suways;EG
41134;Al Minya;EG
41135;Al Buhayrah;EG
41136;Suhaj;EG
41137;Ash Sharqiyah;EG
41138;Al Isma`iliyah;EG
41139;Janub Sina';EG
41140;Al Gharbiyah;EG
41141;Ad Daqahliyah;EG
41142;Aswan;EG
41143;Al Qahirah;EG
41144;Dumyat;EG
41145;Al Iskandariyah;EG
41146;Matruh;EG
41147;Bani Suwayf;EG
41148;Kafr ash Shaykh;EG
41149;Al Jizah;EG
41150;Bur Sa`id;EG
41151;Al Qalyubiyah;EG
41152;Al Fayyum;EG
41153;Qina;EG
41154;Al Bahr al Ahmar;EG
41155;Semenawi Keyih Bahri;ER
41156;Debub;ER
41157;Maekel;ER
41158;Gash Barka;ER
41159;Anseba;ER
41160;Debubawi Keyih Bahri;ER
41161;Castilla y León;ES
41162;Islas Baleares;ES
41163;Comunidad Foral de Navarra;ES
41164;Aragón;ES
41165;Castilla-La Mancha;ES
41166;Comunidad de Madrid;ES
41167;Ceuta;ES
41168;Principado de Asturias;ES
41169;Andalucía;ES
41170;Galicia;ES
41171;Cantabria;ES
41172;Región de Murcia;ES
41173;Cataluña;ES
41174;Extremadura;ES
41175;La Rioja;ES
41176;Comunidad Valenciana;ES
41177;Melilla;ES
41178;País Vasco;ES
41179;Harari;ET
41180;Benshangul-Gumaz;ET
41181;Dire Dawa;ET
41182;Somali;ET
41183;Addis Ababa;ET
41184;Southern Nations, Nationalities and Peoples;ET
41185;Amhara;ET
41186;Tigray;ET
41187;Southern Savonia;FI
41188;Tavastia Proper;FI
41189;Central Finland;FI
41190;North Karelia;FI
41191;Eastern Uusimaa;FI
41192;Satakunta;FI
41193;Pirkanmaa;FI
41194;Finland Proper;FI
41195;Eastern Finland;FI
41196;South Karelia;FI
41197;Western Finland;FI
41198;Northern Ostrobothnia;FI
41199;Lapland;FI
41200;Päijänne Tavastia;FI
41201;Southern Finland;FI
41202;Western;FJ
41203;Central;FJ
41204;Eysturoyar;FO
41205;Île-de-France;FR
41206;Provence-Alpes-Côte-d'Azur;FR
41207;Pays de la Loire;FR
41208;Picardie;FR
41209;Midi-Pyrénées;FR
41210;Alsace;FR
41211;Limousin;FR
41212;Auvergne;FR
41213;Basse-Normandie;FR
41214;Champagne-Ardenne;FR
41215;Franche-Comté;FR
41216;Bretagne;FR
41217;Languedoc-Roussillon;FR
41218;Corse;FR
41219;Haute-Normandie;FR
41220;Aquitaine;FR
41221;Bourgogne;FR
41222;Rhône-Alpes;FR
41223;Nord-Pas-de-Calais;FR
41224;Lorraine;FR
41225;Centre;FR
41226;Poitou-Charentes;FR
41227;Ogooué-Lolo;GA
41228;Ogooué-Ivindo;GA
41229;Haut-Ogooué;GA
41230;Ngounié;GA
41231;Moyen-Ogooué;GA
41232;Wouleu-Ntem;GA
41233;Nyanga;GA
41234;Ogooué-Maritime;GA
41235;Estuaire;GA
41236;Norfolk;GB
41237;Nottingham;GB
41238;Westminster;GB
41239;Suffolk;GB
41240;Dumfries and Galloway;GB
41241;Dundee;GB
41242;Moray;GB
41243;Luton;GB
41244;Oxfordshire;GB
41245;Cornwall;GB
41246;Cambridgeshire;GB
41247;Perthshire and Kinross;GB
41248;Southampton;GB
41249;Stoke-on-Trent;GB
41250;Bath and North East Somerset;GB
41251;Kent;GB
41252;Peterborough;GB
41253;Southend-on-Sea;GB
41254;Highland;GB
41255;West Yorkshire;GB
41256;Aberdeen;GB
41257;West Midlands;GB
41258;South Ayrshire;GB
41259;Tyne and Wear;GB
41260;Manchester;GB
41261;Edinburgh;GB
41262;South Yorkshire;GB
41263;Dungannon;GB
41264;Omagh;GB
41265;Inverclyde;GB
41266;York;GB
41267;Lancashire;GB
41268;Leicester;GB
41269;Cheshire;GB
41270;Plymouth;GB
41271;Bournemouth;GB
41272;Stockton-on-Tees;GB
41273;Glasgow;GB
41274;Belfast;GB
41275;Cardiff;GB
41276;Bristol;GB
41277;North Yorkshire;GB
41278;Portsmouth;GB
41279;Swansea;GB
41280;Kingston upon Hull;GB
41281;Cumbria;GB
41282;Merseyside;GB
41283;Derry;GB
41284;Brighton and Hove;GB
41285;Devon;GB
41286;Samegrelo-Zemo Svaneti;GE
41287;Ajaria;GE
41288;Abkhazia;GE
41289;Tbilisi;GE
41290;Shida Kartli;GE
41291;Imereti;GE
41292;Kvemo Kartli;GE
41293;Amapá;GF
41294;Guinaa;GF
41295;Upper East;GH
41296;Northern;GH
41297;Upper West;GH
41298;Western;GH
41299;Volta;GH
41300;Eastern;GH
41301;Greater Accra;GH
41302;Central;GH
41303;Ashanti;GH
41304;Brong Ahafo;GH
41305;Gibraltar;GI
41306;Kommuneqarfik Sermersooq;GL
41307;Qaasuitsup Kommunia;GL
41308;Kommune Kujalleq;GL
41309;Nationalparken;GL
41310;Qeqqata Kommunia;GL
41311;Upper River;GM
41312;Banjul;GM
41313;Lower River;GM
41314;Maccarthy Island;GM
41315;Conakry;GN
41316;Nzerekore;GN
41317;Boke;GN
41318;Kankan;GN
41319;Labe;GN
41320;Mamou;GN
41321;Faranah;GN
41322;Kindia;GN
41323;Guadeloupe;GP
41324;Centro Sur;GQ
41325;Bioko Norte;GQ
41326;Bioko Sur;GQ
41327;Litoral;GQ
41328;Wele-Nzás;GQ
41329;Notio Aigaio;GR
41330;Voreio Aigaio;GR
41331;Ionioi Nisoi;GR
41332;Stereá Elláda;GR
41333;Kentriki Makedonia;GR
41334;Ipeiros;GR
41335;Anatoliki Makedonia kai Thraki;GR
41336;Peloponnisos;GR
41337;Attiki;GR
41338;Thessalia;GR
41339;Kriti;GR
41340;Dytiki Ellada;GR
41341;Guatemala;GT
41342;Sololá;GT
41343;San Marcos;GT
41344;Quiché;GT
41345;Sacatepéquez;GT
41346;Quezaltenango;GT
41347;Jutiapa;GT
41348;Escuintla;GT
41349;Zacapa;GT
41350;Huehuetenango;GT
41351;Chiquimula;GT
41352;Izabal;GT
41353;Petén;GT
41354;Jalapa;GT
41355;Retalhuleu;GT
41356;El Progreso;GT
41357;Alta Verapaz;GT
41358;Totonicapán;GT
41359;Suchitepéquez;GT
41360;Chimaltenango;GT
41361;Baja Verapaz;GT
41362;Santa Rosa;GT
41363;Cacheu;GW
41364;Tombali;GW
41365;Bafatá;GW
41366;Bissau;GW
41367;Bolama;GW
41368;Gabú;GW
41369;Oio;GW
41370;Quinara;GW
41371;East Berbice-Corentyne;GY
41372;Barima-Waini;GY
41373;Cuyuni-Mazaruni;GY
41374;Upper Takutu-Upper Essequibo;GY
41375;Essequibo Islands-West Demerara;GY
41376;Upper Demerara-Berbice;GY
41377;Pomeroon-Supenaam;GY
41378;Mahaica-Berbice;GY
41379;Gracias a Dios;HN
41380;Copán;HN
41381;Lempira;HN
41382;Choluteca;HN
41383;Santa Bárbara;HN
41384;Francisco Morazán;HN
41385;Cortés;HN
41386;Colón;HN
41387;Comayagua;HN
41388;Valle;HN
41389;Islas de la Bahía;HN
41390;Intibucá;HN
41391;Atlántida;HN
41392;Ocotepeque;HN
41393;Yoro;HN
41394;Olancho;HN
41395;La Paz;HN
41396;El Paraíso;HN
41397;Dubrovacko-Neretvanska;HR
41398;Splitsko-Dalmatinska;HR
41399;Istarska;HR
41400;Grad Zagreb;HR
41401;Karlovacka;HR
41402;Zadarska;HR
41403;Šibensko-Kninska;HR
41404;Osjecko-Baranjska;HR
41405;Primorsko-Goranska;HR
41406;Brodsko-Posavska;HR
41407;Grand'Anse;HT
41408;Sud-Est;HT
41409;L'Artibonite;HT
41410;Nord-Est;HT
41411;Nord;HT
41412;Sud;HT
41413;Nord-Ouest;HT
41414;Centre;HT
41415;Ouest;HT
41416;Szabolcs-Szatmár-Bereg;HU
41417;Gyor-Moson-Sopron;HU
41418;Zala;HU
41419;Fejér;HU
41420;Borsod-Abaúj-Zemplén;HU
41421;Somogy;HU
41422;Békés;HU
41423;Nógrád;HU
41424;Veszprém;HU
41425;Tolna;HU
41426;Pest;HU
41427;Baranya;HU
41428;Bács-Kiskun;HU
41429;Jász-Nagykun-Szolnok;HU
41430;Vas;HU
41431;Hajdú-Bihar;HU
41432;Heves;HU
41433;Budapest;HU
41434;Komárom-Esztergom;HU
41435;Csongrád;HU
41436;Maluku Utara;ID
41437;Sulawesi Utara;ID
41438;Jawa Barat;ID
41439;Bangka-Belitung;ID
41440;Aceh;ID
41441;Jawa Timur;ID
41442;Sumatera Utara;ID
41443;Kalimantan Selatan;ID
41444;Bengkulu;ID
41445;Jambi;ID
41446;Sumatera Barat;ID
41447;Maluku;ID
41448;Sulawesi Tenggara;ID
41449;Jawa Tengah;ID
41450;Banten;ID
41451;Sulawesi Selatan;ID
41452;Nusa Tenggara Barat;ID
41453;Sulawesi Barat;ID
41454;Kalimantan Timur;ID
41455;Irian Jaya Barat;ID
41456;Nusa Tenggara Timur;ID
41457;Papua;ID
41458;Jakarta Raya;ID
41459;Yogyakarta;ID
41460;Kalimantan Barat;ID
41461;Riau;ID
41462;Kalimantan Tengah;ID
41463;Lampung;ID
41464;Sumatera Selatan;ID
41465;Bali;ID
41466;Kepulauan Riau;ID
41467;Gorontalo;ID
41468;Sulawesi Tengah;ID
41469;Kerry;IE
41470;Dublin;IE
41471;Kilkenny;IE
41472;Monaghan;IE
41473;Clare;IE
41474;Donegal;IE
41475;Cork;IE
41476;Sligo;IE
41477;Roscommon;IE
41478;Limerick;IE
41479;Galway;IE
41480;Louth;IE
41481;HaDarom;IL
41482;Jerusalem;IL
41483;Tel Aviv;IL
41484;HaZafon;IL
41485;Haifa;IL
41486;HaMerkaz;IL
41487;Andhra Pradesh;IN
41488;Jammu and Kashmir;IN
41489;Rajasthan;IN
41490;Dadra and Nagar Haveli;IN
41491;Manipur;IN
41492;Tamil Nadu;IN
41493;Karnataka;IN
41494;Haryana;IN
41495;Jharkhand;IN
41496;Assam;IN
41497;Chandigarh;IN
41498;Meghalaya;IN
41499;Punjab;IN
41500;Puducherry;IN
41501;Delhi;IN
41502;West Bengal;IN
41503;Lakshadweep;IN
41504;Andaman and Nicobar;IN
41505;Arunachal Pradesh;IN
41506;Goa;IN
41507;Bihar;IN
41508;Uttar Pradesh;IN
41509;Uttaranchal;IN
41510;Orissa;IN
41511;Mizoram;IN
41512;Tripura;IN
41513;Chhattisgarh;IN
41514;Sikkim;IN
41515;Nagaland;IN
41516;Madhya Pradesh;IN
41517;Kerala;IN
41518;Himachal Pradesh;IN
41519;Maharashtra;IN
41520;Karbala';IQ
41521;An-Najaf;IQ
41522;Al-Qadisiyah;IQ
41523;Babil;IQ
41524;At-Ta'mim;IQ
41525;Dhi-Qar;IQ
41526;Diyala;IQ
41527;Arbil;IQ
41528;Baghdad;IQ
41529;Al-Basrah;IQ
41530;Sala ad-Din;IQ
41531;Al-Muthannia;IQ
41532;Dihok;IQ
41533;Al-Anbar;IQ
41534;Wasit;IQ
41535;Ninawa;IQ
41536;Maysan;IQ
41537;As-Sulaymaniyah;IQ
41538;Yazd;IR
41539;Ardebil;IR
41540;Ilam;IR
41541;East Azarbaijan;IR
41542;Zanjan;IR
41543;Khuzestan;IR
41544;Semnan;IR
41545;Qazvin;IR
41546;Mazandaran;IR
41547;West Azarbaijan;IR
41548;Esfahan;IR
41549;Kermanshah;IR
41550;Hormozgan;IR
41551;Chahar Mahall and Bakhtiari;IR
41552;Kohgiluyeh and Buyer Ahmad;IR
41553;Razavi Khorasan;IR
41554;North Khorasan;IR
41555;Tehran;IR
41556;Qom;IR
41557;Golestan;IR
41558;Kerman;IR
41559;Fars;IR
41560;Markazi;IR
41561;Lorestan;IR
41562;Gilan;IR
41563;Bushehr;IR
41564;Hamadan;IR
41565;Sistan and Baluchestan;IR
41566;Kordestan;IR
41567;South Khorasan;IR
41568;Vesturland;IS
41569;Biskupstungnahreppur;IS
41570;Suðurnes;IS
41571;Akrahreppur;IS
41572;Akureyri;IS
41573;Sveitarfélagið Hornafjörður;IS
41574;Vestfirðir;IS
41575;Austur-Hérað;IS
41576;Valle d'Aosta;IT
41577;Piemonte;IT
41578;Basilicata;IT
41579;Calabria;IT
41580;Apulia;IT
41581;Campania;IT
41582;Lombardia;IT
41583;Toscana;IT
41584;Veneto;IT
41585;Emilia-Romagna;IT
41586;Friuli-Venezia Giulia;IT
41587;Molise;IT
41588;Liguria;IT
41589;Marche;IT
41590;Umbria;IT
41591;Abruzzo;IT
41592;Lazio;IT
41593;Sardegna;IT
41594;Sicily;IT
41595;Trentino-Alto Adige;IT
41596;Saint Thomas;JM
41597;Saint Andrew;JM
41598;Portland;JM
41599;Trelawny;JM
41600;Saint Catherine;JM
41601;Saint Elizabeth;JM
41602;Manchester;JM
41603;Kingston;JM
41604;Clarendon;JM
41605;Saint Mary;JM
41606;Westmoreland;JM
41607;Saint James;JM
41608;Saint Ann;JM
41609;Hanover;JM
41610;Mafraq;JO
41611;Amman;JO
41612;Irbid;JO
41613;Ma`an;JO
41614;Balqa;JO
41615;Tafilah;JO
41616;Karak;JO
41617;Zarqa;JO
41618;Aqaba;JO
41619;Nagano;JP
41620;Miyazaki;JP
41621;Kyoto;JP
41622;Yamagata;JP
41623;Osaka;JP
41624;Shizuoka;JP
41625;Kochi;JP
41626;Oita;JP
41627;Gunma;JP
41628;Wakayama;JP
41629;Niigata;JP
41630;Iwate;JP
41631;Tokushima;JP
41632;Hyogo;JP
41633;Ishikawa;JP
41634;Shimane;JP
41635;Ehime;JP
41636;Saitama;JP
41637;Miyagi;JP
41638;Mie;JP
41639;Yamaguchi;JP
41640;Hiroshima;JP
41641;Toyama;JP
41642;Kagawa;JP
41643;Yamanashi;JP
41644;Gifu;JP
41645;Tokyo;JP
41646;Tochigi;JP
41647;Ibaraki;JP
41648;Aichi;JP
41649;Okinawa;JP
41650;Aomori;JP
41651;Okayama;JP
41652;Tottori;JP
41653;Akita;JP
41654;Kagoshima;JP
41655;Kanagawa;JP
41656;Hokkaido;JP
41657;Kumamoto;JP
41658;Shiga;JP
41659;Fukushima;JP
41660;Nagasaki;JP
41661;Fukui;JP
41662;Fukuoka;JP
41663;North-Eastern;KE
41664;Nairobi;KE
41665;Central;KE
41666;Rift Valley;KE
41667;Eastern;KE
41668;Western;KE
41669;Coast;KE
41670;Nyanza;KE
41671;Naryn;KG
41672;Jalal-Abad;KG
41673;Ysyk-Köl;KG
41674;Bishkek;KG
41675;Talas;KG
41676;Osh;KG
41677;Bântéay Méanchey;KH
41678;Pouthisat;KH
41679;Preah Vihéar;KH
41680;Prey Vêng;KH
41681;Siemréab;KH
41682;Phnom Penh;KH
41683;Takêv;KH
41684;Svay Rieng;KH
41685;Kâmpôt;KH
41686;Rôtânôkiri;KH
41687;Kaôh Kong;KH
41688;Batdâmbâng;KH
41689;Kâmpóng Chhnang;KH
41690;Krâchéh;KH
41691;Kâmpóng Thum;KH
41692;Stœng Trêng;KH
41693;Kâmpóng Cham;KH
41694;Kâmpóng Spœ;KH
41695;Môndól Kiri;KH
41696;Namp'o-si;KP
41697;Hwanghae-namdo;KP
41698;Ryanggang;KP
41699;Hwanghae-bukto;KP
41700;Kaesong;KP
41701;Chagang-do;KP
41702;P'yongyang;KP
41703;P'yongan-namdo;KP
41704;Kangwon-do;KP
41705;Hamgyong-namdo;KP
41706;P'yongan-bukto;KP
41707;Hamgyong-bukto;KP
41708;Gyeonggi-do;KR
41709;Gyeongsangnam-do;KR
41710;Ulsan;KR
41711;Taegu-gwangyoksi;KR
41712;Busan;KR
41713;Jeollabuk-do;KR
41714;Gangwon-do;KR
41715;Inch'on-gwangyoksi;KR
41716;Kwangju-gwangyoksi;KR
41717;Seoul;KR
41718;Daegu;KR
41719;Gwangju;KR
41720;Daejeon;KR
41721;Jeju;KR
41722;Chungcheongbuk-do;KR
41723;Al Kuwayt;KW
41724;Hawalli;KW
41725;Al Jahrah;KW
41726;Al Ahmadi;KW
41727;Qostanay;KZ
41728;Qaraghandy;KZ
41729;Pavlodar;KZ
41730;Qyzylorda;KZ
41731;Zhambyl;KZ
41732;Atyrau;KZ
41733;West Kazakhstan;KZ
41734;Mangghystau;KZ
41735;East Kazakhstan;KZ
41736;South Kazakhstan;KZ
41737;North Kazakhstan;KZ
41738;Almaty;KZ
41739;Aqmola;KZ
41740;Aqtöbe;KZ
41741;Phôngsali;LA
41742;Bokeo;LA
41743;Savannakhét;LA
41744;Xiangkhoang;LA
41745;Xaignabouri;LA
41746;Khammouan;LA
41747;Louangphrabang;LA
41748;Saravan;LA
41749;Houaphan;LA
41750;Louang Namtha;LA
41751;Attapu;LA
41752;Champasak;LA
41753;Vientiane [prefecture];LA
41754;North Lebanon;LB
41755;South Lebanon;LB
41756;Beirut;LB
41757;An Nabatiyah;LB
41758;Mount Lebanon;LB
41759;Galle;LK
41760;Trincomalee;LK
41761;Badulla;LK
41762;Jaffna;LK
41763;Batticaloa;LK
41764;Matara;LK
41765;Kilinochchi;LK
41766;Puttalam;LK
41767;Kandy;LK
41768;Colombo;LK
41769;Anuradhapura;LK
41770;Ratnapura;LK
41771;Sinoe;LR
41772;Nimba;LR
41773;Montserrado;LR
41774;Margibi;LR
41775;Bong;LR
41776;GrandKru;LR
41777;Grand Bassa;LR
41778;River Cess;LR
41779;Lofa;LR
41780;Maryland;LR
41781;GrandGedeh;LR
41782;Grand Cape Mount;LR
41783;Berea;LS
41784;Mohale's Hoek;LS
41785;Quthing;LS
41786;Mafeteng;LS
41787;Maseru;LS
41788;Mokhotlong;LS
41789;Leribe;LS
41790;Šiauliai;LT
41791;Vilniaus;LT
41792;Panevezio;LT
41793;Kauno;LT
41794;Klaipedos;LT
41795;Luxembourg;LU
41796;Grevenmacher;LU
41797;Diekirch;LU
41798;Liepaja;LV
41799;Ventspils;LV
41800;Riga;LV
41801;Daugavpils;LV
41802;Latgale;LV
41803;Jelgava;LV
41804;Al Butnan;LY
41805;Al Hizam Al Akhdar;LY
41806;Mizdah;LY
41807;Murzuq;LY
41808;Bani Walid;LY
41809;Ghat;LY
41810;Al Jufrah;LY
41811;Al Qubbah;LY
41812;Benghazi;LY
41813;Surt;LY
41814;Ajdabiya;LY
41815;Al Jabal al Akhdar;LY
41816;Ash Shati';LY
41817;Tajura' wa an Nawahi al Arba;LY
41818;Al Kufrah;LY
41819;Misratah;LY
41820;Az Zawiyah;LY
41821;Sabha;LY
41822;Al Marqab;LY
41823;An Nuqat al Khams;LY
41824;Ghadamis;LY
41825;Tanger - Tétouan;MA
41826;Guelmim - Es-Semara;MA
41827;Fès - Boulemane;MA
41828;Doukkala - Abda;MA
41829;Meknès - Tafilalet;MA
41830;Marrakech - Tensift - Al Haouz;MA
41831;Gharb - Chrarda - Béni Hssen;MA
41832;Grand Casablanca;MA
41833;Laâyoune - Boujdour - Sakia El Hamra;MA
41834;Oriental;MA
41835;Taza - Al Hoceima - Taounate;MA
41836;Chaouia - Ouardigha;MA
41837;Oued el Dahab;MA
41838;Souss - Massa - Draâ;MA
41839;Rabat - Salé - Zemmour - Zaer;MA
41840;Transnistria;MD
41841;Balti;MD
41842;Cahul;MD
41843;Bender;MD
41844;Chisinau;MD
41845;Podgorica;ME
41846;Fianarantsoa;MG
41847;Antananarivo;MG
41848;Mahajanga;MG
41849;Toamasina;MG
41850;Toliary;MG
41851;Antsiranana;MG
41852;Bitola;MK
41853;Tetovo;MK
41854;Centar;MK
41855;Ségou;ML
41856;Gao;ML
41857;Timbuktu;ML
41858;Kidal;ML
41859;Sikasso;ML
41860;Mopti;ML
41861;Bamako;ML
41862;Kayes;ML
41863;Yangon;MM
41864;Mon;MM
41865;Tanintharyi;MM
41866;Mandalay;MM
41867;Sagaing;MM
41868;Kayin;MM
41869;Kachin;MM
41870;Shan;MM
41871;Rakhine;MM
41872;Chin;MM
41873;Kayah;MM
41874;Bago;MM
41875;Ayeyarwady;MM
41876;Magway;MM
41877;Govi-Altay;MN
41878;Hovd;MN
41879;Sühbaatar;MN
41880;Orhon;MN
41881;Ömnögovi;MN
41882;Dornod;MN
41883;Bulgan;MN
41884;Bayanhongor;MN
41885;Bayan-Ölgiy;MN
41886;Selenge;MN
41887;Ulaanbaatar;MN
41888;Dornogovi;MN
41889;Töv;MN
41890;Dundgovi;MN
41891;Uvs;MN
41892;Hentiy;MN
41893;Dzavhan;MN
41894;Övörhangay;MN
41895;Hövsgöl;MN
41896;Arhangay;MN
41897;Martinique;MQ
41898;Brakna;MR
41899;Dakhlet Nouadhibou;MR
41900;Nouakchott;MR
41901;Hodh el Gharbi;MR
41902;Tiris Zemmour;MR
41903;Assaba;MR
41904;Adrar;MR
41905;Guidimaka;MR
41906;Hodh ech Chargui;MR
41907;Inchiri;MR
41908;Trarza;MR
41909;Tagant;MR
41910;Salima;MW
41911;Chiradzulu;MW
41912;Nsanje;MW
41913;Mzimba;MW
41914;Mchinji;MW
41915;Mangochi;MW
41916;Dedza;MW
41917;Nkhata Bay;MW
41918;Nkhotakota;MW
41919;Ntcheu;MW
41920;Zomba;MW
41921;Machinga;MW
41922;Mwanza;MW
41923;Mulanje;MW
41924;Lilongwe;MW
41925;Blantyre;MW
41926;Chitipa;MW
41927;Guerrero;MX
41928;Veracruz;MX
41929;Colima;MX
41930;Baja California;MX
41931;Hidalgo;MX
41932;Campeche;MX
41933;Chiapas;MX
41934;Jalisco;MX
41935;Guanajuato;MX
41936;Quintana Roo;MX
41937;Puebla;MX
41938;Sonora;MX
41939;Coahuila;MX
41940;Baja California Sur;MX
41941;Distrito Federal;MX
41942;Sinaloa;MX
41943;Michoacán;MX
41944;México;MX
41945;San Luis Potosí;MX
41946;Tabasco;MX
41947;Nuevo León;MX
41948;Tamaulipas;MX
41949;Yucatán;MX
41950;Tlaxcala;MX
41951;Querétaro;MX
41952;Durango;MX
41953;Morelos;MX
41954;Chihuahua;MX
41955;Aguascalientes;MX
41956;Zacatecas;MX
41957;Oaxaca;MX
41958;Nayarit;MX
41959;Pulau Pinang;MY
41960;Perak;MY
41961;Kedah;MY
41962;Kelantan;MY
41963;Sarawak;MY
41964;Pahang;MY
41965;Negeri Sembilan;MY
41966;Trengganu;MY
41967;Melaka;MY
41968;Selangor;MY
41969;Sabah;MY
41970;Perlis;MY
41971;Johor;MY
41972;Manica;MZ
41973;Inhambane;MZ
41974;Nampula;MZ
41975;Tete;MZ
41976;Nassa;MZ
41977;Sofala;MZ
41978;Zambezia;MZ
41979;Cabo Delgado;MZ
41980;Gaza;MZ
41981;Maputo;MZ
41982;Khomas;NA
41983;Caprivi;NA
41984;Ohangwena;NA
41985;Otjozondjupa;NA
41986;Oshana;NA
41987;Karas;NA
41988;Kavango;NA
41989;Oshikoto;NA
41990;Hardap;NA
41991;Omaheke;NA
41992;Erongo;NA
41993;Kunene;NA
41994;Sud;NC
41995;Agadez;NE
41996;Dosso;NE
41997;Maradi;NE
41998;Niamey;NE
41999;Zinder;NE
42000;Diffa;NE
42001;Tahoua;NE
42002;Rivers;NG
42003;Katsina;NG
42004;Ekiti;NG
42005;Adamawa;NG
42006;Plateau;NG
42007;Kaduna;NG
42008;Kogi;NG
42009;Niger;NG
42010;Kebbi;NG
42011;Borno;NG
42012;Lagos;NG
42013;Enugu;NG
42014;Cross River;NG
42015;Yobe;NG
42016;Nassarawa;NG
42017;Abia;NG
42018;Kano;NG
42019;Jigawa;NG
42020;Kwara;NG
42021;Zamfara;NG
42022;Benue;NG
42023;Akwa Ibom;NG
42024;Federal Capital Territory;NG
42025;Gombe;NG
42026;Bauchi;NG
42027;Delta;NG
42028;Ondo;NG
42029;Osun;NG
42030;Anambra;NG
42031;Ogun;NG
42032;Edo;NG
42033;Taraba;NG
42034;Sokoto;NG
42035;Imo;NG
42036;Oyo;NG
42037;Atlántico Sur;NI
42038;Estelí;NI
42039;Managua;NI
42040;Granada;NI
42041;Atlántico Norte;NI
42042;Nueva Segovia;NI
42043;León;NI
42044;Nicaragua;NI
42045;Chontales;NI
42046;Boaco;NI
42047;Matagalpa;NI
42048;Jinotega;NI
42049;Chinandega;NI
42050;Carazo;NI
42051;Masaya;NI
42052;Madriz;NI
42053;Noord-Holland;NL
42054;Utrecht;NL
42055;Groningen;NL
42056;Drenthe;NL
42057;Overijssel;NL
42058;Zuid-Holland;NL
42059;Friesland;NL
42060;Gelderland;NL
42061;Noord-Brabant;NL
42062;Limburg;NL
42063;Zeeland;NL
42064;Sogn og Fjordane;NO
42065;Nord-Trøndelag;NO
42066;Oppland;NO
42067;Møre og Romsdal;NO
42068;Akershus;NO
42069;Telemark;NO
42070;Oslo;NO
42071;Buskerud;NO
42072;Troms;NO
42073;Vestfold;NO
42074;Rogaland;NO
42075;Vest-Agder;NO
42076;Ãstfold;NO
42077;Aust-Agder;NO
42078;Finnmark;NO
42079;Hordaland;NO
42080;Nordland;NO
42081;Hedmark;NO
42082;Sør-Trøndelag;NO
42083;Mechi;NP
42084;Bhojpur;NP
42085;Sagarmatha;NP
42086;Lumbini;NP
42087;Narayani;NP
42088;Banke;NP
42089;Dhawalagiri;NP
42090;Gorkha;NP
42091;Rapti;NP
42092;Bhaktapur;NP
42093;Mahakali;NP
42094;Janakpur;NP
42095;Achham;NP
42096;Karnali;NP
42097;Marlborough;NZ
42098;Manawatu-Wanganui;NZ
42099;Auckland;NZ
42100;Canterbury;NZ
42101;Taranaki;NZ
42102;Gisborne;NZ
42103;West Coast;NZ
42104;Northland;NZ
42105;Otago;NZ
42106;Nelson;NZ
42107;Southland;NZ
42108;Bay of Plenty;NZ
42109;Al Batnah;OM
42110;Al Dhahira;OM
42111;Muscat;OM
42112;Ad Dakhliyah;OM
42113;Ash Sharqiyah;OM
42114;Dhofar;OM
42115;Coclé;PA
42116;Colón;PA
42117;Kuna Yala;PA
42118;Bocas del Toro;PA
42119;Chiriquí;PA
42120;Herrera;PA
42121;Panama;PA
42122;Darién;PA
42123;Veraguas;PA
42124;Los Santos;PA
42125;Lima;PE
42126;Callao;PE
42127;Ancash;PE
42128;Cusco;PE
42129;Tumbes;PE
42130;Huánuco;PE
42131;Apurímac;PE
42132;Huancavelica;PE
42133;Piura;PE
42134;Amazonas;PE
42135;Cajamarca;PE
42136;Ica;PE
42137;Ucayali;PE
42138;Madre de Dios;PE
42139;Tacna;PE
42140;Moquegua;PE
42141;San Martín;PE
42142;Lambayeque;PE
42143;Junín;PE
42144;Ayacucho;PE
42145;Arequipa;PE
42146;La Libertad;PE
42147;Loreto;PE
42148;Pasco;PE
42149;Western Highlands;PG
42150;East New Britain;PG
42151;North Solomons;PG
42152;Eastern Highlands;PG
42153;Chimbu;PG
42154;Central;PG
42155;Northern;PG
42156;Gulf;PG
42157;Sandaun;PG
42158;New Ireland;PG
42159;Milne Bay;PG
42160;Morobe;PG
42161;West New Britain;PG
42162;Manus;PG
42163;Enga;PG
42164;East Sepik;PG
42165;Southern Highlands;PG
42166;Madang;PG
42167;Batangas;PH
42168;Ilocos Norte;PH
42169;Capiz;PH
42170;Misamis Oriental;PH
42171;Palawan;PH
42172;Zambales;PH
42173;Cagayan;PH
42174;Cebu;PH
42175;Laguna;PH
42176;Ilocos Sur;PH
42177;South Cotabato;PH
42178;Pangasinan;PH
42179;Samar;PH
42180;Camarines Sur;PH
42181;Zamboanga Del Sur;PH
42182;Zamboanga del Sur;PH
42183;Leyte;PH
42184;Nueva Ecija;PH
42185;Benguet;PH
42186;Dinagat Islands;PH
42187;Iloilo;PH
42188;Albay;PH
42189;Metropolitan Manila;PH
42190;Davao del Norte;PH
42191;Shariff Kabunsuan;PH
42192;Agusan del Norte;PH
42193;Lanao del Norte;PH
42194;Negros Occidental;PH
42195;Davao Del Sur;PH
42196;Pampanga;PH
42197;Tarlac;PH
42198;Misamis Occidental;PH
42199;F.C.T.;PK
42200;F.A.T.A.;PK
42201;N.W.F.P.;PK
42202;Sind;PK
42203;Baluchistan;PK
42204;Khyber-Pakhtunkhwa;PK
42205;Northern Areas;PK
42206;Punjab;PK
42207;Warmian-Masurian;PL
42208;Lódz;PL
42209;Lubusz;PL
42210;Lower Silesian;PL
42211;Lublin;PL
42212;Masovian;PL
42213;Swietokrzyskie;PL
42214;Pomeranian;PL
42215;Greater Poland;PL
42216;Silesian;PL
42217;Opole;PL
42218;Subcarpathian;PL
42219;West Pomeranian;PL
42220;Kuyavian-Pomeranian;PL
42221;Lesser Poland;PL
42222;Podlachian;PL
42223;Viana do Castelo;PT
42224;Bragança;PT
42225;Lisboa;PT
42226;Castelo Branco;PT
42227;Azores;PT
42228;Aveiro;PT
42229;Coimbra;PT
42230;Évora;PT
42231;Beja;PT
42232;Santarém;PT
42233;Madeira;PT
42234;Vila Real;PT
42235;Leiria;PT
42236;Porto;PT
42237;Braga;PT
42238;Guarda;PT
42239;Faro;PT
42240;Portalegre;PT
42241;Viseu;PT
42242;Asunción;PY
42243;Alto Paraná;PY
42244;Presidente Hayes;PY
42245;Caaguazú;PY
42246;Misiones;PY
42247;Alto Paraguay;PY
42248;Caazapá;PY
42249;Ñeembucú;PY
42250;Paraguarí;PY
42251;Guairá;PY
42252;San Pedro;PY
42253;Amambay;PY
42254;Itapúa;PY
42255;Canindeyú;PY
42256;Boquerón;PY
42257;Cordillera;PY
42258;Concepción;PY
42259;Ad Dawhah;QA
42260;La Réunion;RE
42261;Iasi;RO
42262;Harghita;RO
42263;Vaslui;RO
42264;Dâmbovita;RO
42265;Vrancea;RO
42266;Ialomita;RO
42267;Gorj;RO
42268;Constanta;RO
42269;Bihor;RO
42270;Mures;RO
42271;Bacau;RO
42272;Sibiu;RO
42273;Bucharest;RO
42274;Satu Mare;RO
42275;Teleorman;RO
42276;Alba;RO
42277;Maramures;RO
42278;Neamt;RO
42279;Timis;RO
42280;Cluj;RO
42281;Galati;RO
42282;Calarasi;RO
42283;Giurgiu;RO
42284;Bistrita-Nasaud;RO
42285;Braila;RO
42286;Brasov;RO
42287;Caras-Severin;RO
42288;Covasna;RO
42289;Suceava;RO
42290;Hunedoara;RO
42291;Dolj;RO
42292;Prahova;RO
42293;Vâlcea;RO
42294;Arad;RO
42295;Botosani;RO
42296;Salaj;RO
42297;Olt;RO
42298;Mehedinti;RO
42299;Buzau;RO
42300;Arges;RO
42301;Nišavski;RS
42302;Šumadijski;RS
42303;Srednje-Banatski;RS
42304;Južno-Backi;RS
42305;Grad Beograd;RS
42306;Moravicki;RS
42307;Severno-Backi;RS
42308;Mariy-El;RU
42309;Krasnoyarsk;RU
42310;Stavropol';RU
42311;Ingush;RU
42312;Adygey;RU
42313;Tomsk;RU
42314;Pskov;RU
42315;Orel;RU
42316;Sverdlovsk;RU
42317;Astrakhan';RU
42318;Orenburg;RU
42319;Karelia;RU
42320;Kurgan;RU
42321;Ust-Orda Buryat;RU
42322;Khabarovsk;RU
42323;Murmansk;RU
42324;Yamal-Nenets;RU
42325;Kemerovo;RU
42326;Kabardin-Balkar;RU
42327;Leningrad;RU
42328;Volgograd;RU
42329;Rostov;RU
42330;Nenets;RU
42331;North Ossetia;RU
42332;Perm';RU
42333;Kirov;RU
42334;Yaroslavl';RU
42335;Belgorod;RU
42336;Novosibirsk;RU
42337;Kalmyk;RU
42338;Ryazan';RU
42339;Yevrey;RU
42340;Chelyabinsk;RU
42341;Sakha (Yakutia);RU
42342;Omsk;RU
42343;Koryak;RU
42344;Khanty-Mansiy;RU
42345;Kostroma;RU
42346;Vladimir;RU
42347;Tuva;RU
42348;Bashkortostan;RU
42349;Irkutsk;RU
42350;Buryat;RU
42351;Sakhalin;RU
42352;Samara;RU
42353;Tula;RU
42354;Chuvash;RU
42355;Kursk;RU
42356;Krasnodar;RU
42357;Kaliningrad;RU
42358;Tatarstan;RU
42359;Chukchi Autonomous Okrug;RU
42360;Penza;RU
42361;Mordovia;RU
42362;Nizhegorod;RU
42363;Voronezh;RU
42364;Arkhangel'sk;RU
42365;Ul'yanovsk;RU
42366;Moskva;RU
42367;Maga Buryatdan;RU
42368;Karachay-Cherkess;RU
42369;Primor'ye;RU
42370;Gorno-Altay;RU
42371;Smolensk;RU
42372;Novgorod;RU
42373;Chita;RU
42374;Bryansk;RU
42375;Udmurt;RU
42376;Evenk;RU
42377;Ivanovo;RU
42378;City of St. Petersburg;RU
42379;Tver';RU
42380;Khakass;RU
42381;Dagestan;RU
42382;Tambov;RU
42383;Saratov;RU
42384;Tyumen';RU
42385;Moskovsskaya;RU
42386;Chechnya;RU
42387;Kamchatka;RU
42388;Lipetsk;RU
42389;Kaluga;RU
42390;Komi-Permyak;RU
42391;Komi;RU
42392;Amur;RU
42393;Altay;RU
42394;Taymyr;RU
42395;Aga Buryat;RU
42396;Vologda;RU
42397;Southern;RW
42398;Northern;RW
42399;Western;RW
42400;Kigali City;RW
42401;Eastern;RW
42402;Najran;SA
42403;`Asir;SA
42404;Ash Sharqiyah;SA
42405;Al Jawf;SA
42406;Makkah;SA
42407;Al Quassim;SA
42408;Tabuk;SA
42409;Jizan;SA
42410;Al Madinah;SA
42411;Ha'il;SA
42412;Al Hudud ash Shamaliyah;SA
42413;Ar Riyad;SA
42414;Choiseul;SB
42415;Guadalcanal;SB
42416;Temotu;SB
42417;North Kurdufan;SD
42418;Blue Nile;SD
42419;White Nile;SD
42420;Kassala;SD
42421;Khartoum;SD
42422;Red Sea;SD
42423;South Kordufan;SD
42424;Gedarif;SD
42425;South Darfur;SD
42426;Northern;SD
42427;West Darfur;SD
42428;Sennar;SD
42429;Northern Darfur;SD
42430;Gezira;SD
42431;River Nile;SD
42432;South Kordofan;SD
42433;Skåne;SE
42434;Kronoberg;SE
42435;Halland;SE
42436;Uppsala;SE
42437;Dalarna;SE
42438;Västra Götaland;SE
42439;Kalmar;SE
42440;Värmland;SE
42441;Norrbotten;SE
42442;Jämtland;SE
42443;Jönköping;SE
42444;Östergötland;SE
42445;Gävleborg;SE
42446;Stockholm;SE
42447;Västmanland;SE
42448;Södermanland;SE
42449;Orebro;SE
42450;Västerbotten;SE
42451;Västernorrland;SE
42452;Blekinge;SE
42453;Gotland;SE
42454;Maribor;SI
42455;Osrednjeslovenska;SI
42456;Svalbard;SJ
42457;Trnavský;SK
42458;Banskobystrický;SK
42459;Bratislavský;SK
42460;Prešov;SK
42461;Žilinský;SK
42462;Košický;SK
42463;Western;SL
42464;Eastern;SL
42465;Northern;SL
42466;Southern;SL
42467;Ziguinchor;SM
42468;Tambacounda;SM
42469;Fatick;SM
42470;Kaolack;SM
42471;Diourbel;SM
42472;Matam;SM
42473;Kolda;SM
42474;Dakar;SM
42475;Louga;SM
42476;Thiès;SM
42477;Bari;SO
42478;Shabeellaha Dhexe;SO
42479;Banaadir;SO
42480;Bakool;SO
42481;Nugaal;SO
42482;Mudug;SO
42483;Gedo;SO
42484;Galguduud;SO
42485;Jubbada Hoose;SO
42486;Bay;SO
42487;Shabeellaha Hoose;SO
42488;Hiiraan;SO
42489;Jubbada Dhexe;SO
42490;Nickerie;SR
42491;Saramacca;SR
42492;Sipaliwini;SR
42493;Commewijne;SR
42494;Brokopondo;SR
42495;Coronie;SR
42496;Para;SR
42497;Paramaribo;SR
42498;Marowijne;SR
42499;Lakes;SS
42500;Warap;SS
42501;West Equatoria;SS
42502;Central Equatoria;SS
42503;North Bahr-al-Ghazal;SS
42504;West Bahr-al-Ghazal;SS
42505;Upper Nile;SS
42506;Jungoli;SS
42507;Unity;SS
42508;East Equatoria;SS
42509;San Salvador;SV
42510;Morazán;SV
42511;La Paz;SV
42512;Cuscatlán;SV
42513;Cabañas;SV
42514;Santa Ana;SV
42515;Chalatenango;SV
42516;La Libertad;SV
42517;Usulután;SV
42518;Ahuachapán;SV
42519;La Unión;SV
42520;San Miguel;SV
42521;San Vicente;SV
42522;Sonsonate;SV
42523;Ar Raqqah;SY
42524;Golan;SY
42525;Dar`a;SY
42526;Dayr Az Zawr;SY
42527;Homs (Hims);SY
42528;Hamah;SY
42529;As Suwayda';SY
42530;Idlib;SY
42531;Hasaka (Al Haksa);SY
42532;Aleppo (Halab);SY
42533;Tartus;SY
42534;Damascus;SY
42535;Lattakia (Al Ladhiqiyah);SY
42536;Lubombo;SZ
42537;Hhohho;SZ
42538;Manzini;SZ
42539;Shiselweni;SZ
42540;Mayo-Kebbi Est;TD
42541;Wadi Fira;TD
42542;Kanem;TD
42543;Ouaddaï;TD
42544;Tandjilé;TD
42545;Bet;TD
42546;Hadjer-Lamis;TD
42547;Guéra;TD
42548;Batha;TD
42549;Lac;TD
42550;Salamat;TD
42551;Mandoul;TD
42552;Logone Oriental;TD
42553;Plateaux;TG
42554;Savanes;TG
42555;Maritime;TG
42556;Kara;TG
42557;Centre;TG
42558;Trang;TH
42559;Phatthalung;TH
42560;Surin;TH
42561;Nakhon Pathom;TH
42562;Sukhothai;TH
42563;Sing Buri;TH
42564;Ubon Ratchathani;TH
42565;Kalasin;TH
42566;Chachoengsao;TH
42567;Bangkok Metropolis;TH
42568;Phuket;TH
42569;Chaiyaphum;TH
42570;Buri Ram;TH
42571;Sakon Nakhon;TH
42572;Phetchaburi;TH
42573;Nakhon Phanom;TH
42574;Phitsanulok;TH
42575;Samut Sakhon;TH
42576;Nong Khai;TH
42577;Tak;TH
42578;Prachuap Khiri Khan;TH
42579;Yala;TH
42580;Chanthaburi;TH
42581;Chiang Mai;TH
42582;Surat Thani;TH
42583;Chiang Rai;TH
42584;Phichit;TH
42585;Nonthaburi;TH
42586;Samut Prakan;TH
42587;Nakhon Nayok;TH
42588;Sa Kaeo;TH
42589;Phayao;TH
42590;Pathum Thani;TH
42591;Chumphon;TH
42592;Rayong;TH
42593;Mae Hong Son;TH
42594;Khon Kaen;TH
42595;Si Sa Ket;TH
42596;Kamphaeng Phet;TH
42597;Satun;TH
42598;Loei;TH
42599;Udon Thani;TH
42600;Saraburi;TH
42601;Roi Et;TH
42602;Nakhon Ratchasima;TH
42603;Songkhla;TH
42604;Samut Songkhram;TH
42605;Phrae;TH
42606;Prachin Buri;TH
42607;Suphan Buri;TH
42608;Yasothon;TH
42609;Lamphun;TH
42610;Songkhla (Songkhla Lake);TH
42611;Maha Sarakham;TH
42612;Nan;TH
42613;Ang Thong;TH
42614;Chai Nat;TH
42615;Nakhon Sawan;TH
42616;Lop Buri;TH
42617;Pattani;TH
42618;Narathiwat;TH
42619;Ratchaburi;TH
42620;Chon Buri;TH
42621;Krabi;TH
42622;Uthai Thani;TH
42623;Trat;TH
42624;Nakhon Si Thammarat;TH
42625;Kanchanaburi;TH
42626;Ranong;TH
42627;Phra Nakhon Si Ayutthaya;TH
42628;Lampang;TH
42629;Uttaradit;TH
42630;Phetchabun;TH
42631;Phangnga;TH
42632;Khatlon;TJ
42633;Gorno-Badakhshan;TJ
42634;Leninabad;TJ
42635;Tadzhikistan Territories;TJ
42636;Dili;TL
42637;Balkan;TM
42638;Mary;TM
42639;Chardzhou;TM
42640;Tashauz;TM
42641;Ahal;TM
42642;Le Kef;TN
42643;Zaghouan;TN
42644;Jendouba;TN
42645;Mahdia;TN
42646;Sousse;TN
42647;Tataouine;TN
42648;Monastir;TN
42649;Kebili;TN
42650;Médenine;TN
42651;Sidi Bou Zid;TN
42652;Kassérine;TN
42653;Béja;TN
42654;Nabeul;TN
42655;Siliana;TN
42656;Tozeur;TN
42657;Manubah;TN
42658;Kairouan;TN
42659;Sfax;TN
42660;Gabès;TN
42661;Gafsa;TN
42662;Bizerte;TN
42663;Tunis;TN
42664;Mersin;TR
42665;Kars;TR
42666;Nevsehir;TR
42667;Siirt;TR
42668;Bursa;TR
42669;Tekirdag;TR
42670;Batman;TR
42671;Mugla;TR
42672;Usak;TR
42673;Kirklareli;TR
42674;Yozgat;TR
42675;Ankara;TR
42676;Adiyaman;TR
42677;Istanbul;TR
42678;Gümüshane;TR
42679;Nigde;TR
42680;Rize;TR
42681;Adana;TR
42682;Çankiri;TR
42683;Erzincan;TR
42684;Diyarbakir;TR
42685;Isparta;TR
42686;Izmir;TR
42687;Giresun;TR
42688;Ordu;TR
42689;Aydin;TR
42690;Kinkkale;TR
42691;Mardin;TR
42692;Antalya;TR
42693;Kütahya;TR
42694;Kastamonu;TR
42695;Sanliurfa;TR
42696;Hatay;TR
42697;Elazig;TR
42698;Tunceli;TR
42699;Amasya;TR
42700;Bilecik;TR
42701;Bolu;TR
42702;Artvin;TR
42703;Erzurum;TR
42704;Edirne;TR
42705;Manisa;TR
42706;Kocaeli;TR
42707;Balikesir;TR
42708;Hakkari;TR
42709;Gaziantep;TR
42710;Eskisehir;TR
42711;Karaman;TR
42712;Bingöl;TR
42713;Sakarya;TR
42714;Trabzon;TR
42715;Agri;TR
42716;Kayseri;TR
42717;Sinop;TR
42718;Denizli;TR
42719;Malatya;TR
42720;Afyon;TR
42721;Zinguldak;TR
42722;Konya;TR
42723;Samsun;TR
42724;Mus;TR
42725;Çorum;TR
42726;Van;TR
42727;Burdur;TR
42728;Çanakkale;TR
42729;Kirsehir;TR
42730;Sivas;TR
42731;K. Maras;TR
42732;Bitlis;TR
42733;Tokat;TR
42734;Port of Spain;TT
42735;San Fernando;TT
42736;Pingtung;TW
42737;Hualien;TW
42738;Taoyuan;TW
42739;Hsinchu City;TW
42740;Nantou;TW
42741;Yilan;TW
42742;Kaohsiung City;TW
42743;Yunlin;TW
42744;Keelung City;TW
42745;Chiayi City;TW
42746;Taichung City;TW
42747;Tainan City;TW
42748;Taipei City;TW
42749;Changhua;TW
42750;Penghu;TW
42751;Taitung;TW
42752;Hsinchu;TW
42753;Miaoli;TW
42754;New Taipei City;TW
42755;Chiayi;TW
42756;Kilimanjaro;TZ
42757;Arusha;TZ
42758;Rukwa;TZ
42759;Mwanza;TZ
42760;Mara;TZ
42761;Tabora;TZ
42762;Ruvuma;TZ
42763;Kusini-Pemba;TZ
42764;Iringa;TZ
42765;Tanga;TZ
42766;Dar-Es-Salaam;TZ
42767;Singida;TZ
42768;Zanzibar West;TZ
42769;Shinyanga;TZ
42770;Kaskazini-Unguja;TZ
42771;Morogoro;TZ
42772;Mtwara;TZ
42773;Pwani;TZ
42774;Lindi;TZ
42775;Kaskazini-Pemba;TZ
42776;Dodoma;TZ
42777;Kagera;TZ
42778;Mbeya;TZ
42779;Kigoma;TZ
42780;Zaporizhzhya;UA
42781;Odessa;UA
42782;Rivne;UA
42783;Zhytomyr;UA
42784;Kirovohrad;UA
42785;Poltava;UA
42786;Crimea;UA
42787;Mykolayiv;UA
42788;Kharkiv;UA
42789;Volyn;UA
42790;Kiev;UA
42791;Cherkasy;UA
42792;Donets'k;UA
42793;Chernihiv;UA
42794;Dnipropetrovs'k;UA
42795;L'viv;UA
42796;Khmel'nyts'kyy;UA
42797;Transcarpathia;UA
42798;Ternopil';UA
42799;Ivano-Frankivs'k;UA
42800;Chernivtsi;UA
42801;Luhans'k;UA
42802;Vinnytsya;UA
42803;Sumy;UA
42804;Iganga;UG
42805;Kaberamaido;UG
42806;Adjumani;UG
42807;Kitgum;UG
42808;Kampala;UG
42809;Kasese;UG
42810;Kiboga;UG
42811;Nebbi;UG
42812;Masindi;UG
42813;Lira;UG
42814;Mpigi;UG
42815;Kaabong;UG
42816;Kumi;UG
42817;Mubende;UG
42818;Ntungamo;UG
42819;Arua Municipality;UG
42820;Jinja;UG
42821;Soroti;UG
42822;Aswa;UG
42823;Kabale;UG
42824;Kisoro;UG
42825;Masaka;UG
42826;Kalangala;UG
42827;Kayunga;UG
42828;Pallisa;UG
42829;Moyo;UG
42830;Wakiso;UG
42831;Bungokho;UG
42832;Kashari;UG
42833;Nakasongola;UG
42834;Busujju;UG
42835;Kabarole;UG
42836;Moroto;UG
42837;Kamuli;UG
42838;Usuk;UG
42839;Budadiri;UG
42840;Busia;UG
42841;Tororo;UG
42842;Kibale;UG
42843;Bamunanika;UG
42844;New Jersey;US
42845;Oregon;US
42846;Georgia;US
42847;Maine;US
42848;Rhode Island;US
42849;Delaware;US
42850;Texas;US
42851;California;US
42852;Ohio;US
42853;Mississippi;US
42854;Virginia;US
42855;Kansas;US
42856;Florida;US
42857;Indiana;US
42858;Arizona;US
42859;Colorado;US
42860;Michigan;US
42861;Alaska;US
42862;Idaho;US
42863;Wisconsin;US
42864;Nevada;US
42865;New Hampshire;US
42866;Tennessee;US
42867;Arkansas;US
42868;Montana;US
42869;West Virginia;US
42870;Maryland;US
42871;Missouri;US
42872;Connecticut;US
42873;New York;US
42874;Pennsylvania;US
42875;Iowa;US
42876;New Mexico;US
42877;Massachusetts;US
42878;North Carolina;US
42879;South Dakota;US
42880;Alabama;US
42881;Kentucky;US
42882;Wyoming;US
42883;Louisiana;US
42884;South Carolina;US
42885;Nebraska;US
42886;District of Columbia;US
42887;Utah;US
42888;Vermont;US
42889;Washington;US
42890;North Dakota;US
42891;Minnesota;US
42892;Illinois;US
42893;Hawaii;US
42894;Oklahoma;US
42895;Colonia;UY
42896;Tacuarembó;UY
42897;Río Negro;UY
42898;Lavalleja;UY
42899;San José;UY
42900;Paysandú;UY
42901;Maldonado;UY
42902;Rivera;UY
42903;Rocha;UY
42904;Treinta y Tres;UY
42905;Soriano;UY
42906;Flores;UY
42907;Montevideo;UY
42908;Canelones;UY
42909;Salto;UY
42910;Artigas;UY
42911;Cerro Largo;UY
42912;Durazno;UY
42913;Florida;UY
42914;Jizzakh;UZ
42915;Samarkand;UZ
42916;Namangan;UZ
42917;Kashkadarya;UZ
42918;Ferghana;UZ
42919;Andijon;UZ
42920;Sirdaryo;UZ
42921;Bukhoro;UZ
42922;Tashkent;UZ
42923;Navoi;UZ
42924;Surkhandarya;UZ
42925;Khorezm;UZ
42926;Karakalpakstan;UZ
42927;Lazio;VA
42928;Distrito Capital;VE
42929;Monagas;VE
42930;Zulia;VE
42931;Barinas;VE
42932;Aragua;VE
42933;Lara;VE
42934;Trujillo;VE
42935;Miranda;VE
42936;Sucre;VE
42937;Carabobo;VE
42938;Apure;VE
42939;Bolívar;VE
42940;Amazonas;VE
42941;Anzoátegui;VE
42942;Cojedes;VE
42943;Falcón;VE
42944;Mérida;VE
42945;Guárico;VE
42946;Nueva Esparta;VE
42947;Táchira;VE
42948;Yaracuy;VE
42949;Portuguesa;VE
42950;Vargas;VE
42951;Quảng Bình ;VN
42952;An Giang;VN
42953;Ninh Thuận ;VN
42954;Trà Vinh;VN
42955;Phú Yên;VN
42956;Quảng Trị ;VN
42957;Ha Tinh;VN
42958;Yên Bái;VN
42959;Long An;VN
42960;Hà Giang;VN
42961;Bac Kan;VN
42962;Dak Lak;VN
42963;Đồng Nai ;VN
42964;Bình Phước ;VN
42965;Can Tho;VN
42966;Bình Thuận ;VN
42967;Lâm Đồng ;VN
42968;Nghệ An ;VN
42969;Da Nang;VN
42970;Kiên Giang;VN
42971;Bình Định ;VN
42972;Ho Chi Minh City;VN
42973;Nam Định ;VN
42974;Thái Nguyên;VN
42975;Cao Bằng;VN
42976;Bắc Giang ;VN
42977;Thanh Hóa;VN
42978;Tiền Giang ;VN
42979;Quảng Ninh ;VN
42980;Quảng Ninh;VN
42981;Lào Cai;VN
42982;Hòa Bình;VN
42983;Sóc Trang;VN
42984;Hải Dương ;VN
42985;Quảng Ngãi  ;VN
42986;Son La;VN
42987;Bà Rịa–Vũng Tàu ;VN
42988;Thái Bình;VN
42989;Tuyên Quang;VN
42990;Cà Mau;VN
42991;Gia Lai;VN
42992;Thừa Thiên–Huế ;VN
42993;Kon Tum;VN
42994;Hà Tây;VN
42995;Ninh Bình;VN
42996;Đồng Tháp ;VN
42997;Bến Tre ;VN
42998;Tây Ninh;VN
42999;Lạng Sơn;VN
43000;Phú Thọ ;VN
43001;Bạc Liêu ;VN
43002;Điện Biên;VN
43003;Vinh Long;VN
43004;Bình Duong;VN
43005;Khánh Hòa;VN
43006;Sanma;VU
43007;Shefa;VU
43008;Lahij;YE
43009;Shabwah;YE
43010;Dhamar;YE
43011;Ibb;YE
43012;Ma'rib;YE
43013;Amanat Al Asimah;YE
43014;Sa`dah;YE
43015;Al Hudaydah;YE
43016;Al Mahrah;YE
43017;Al Bayda';YE
43018;`Adan;YE
43019;Ta`izz;YE
43020;Hadramawt;YE
43021;Hajjah;YE
43022;Moyotte;YT
43023;Orange Free State;ZA
43024;Mpumalanga;ZA
43025;Gauteng;ZA
43026;Northern Cape;ZA
43027;Eastern Cape;ZA
43028;KwaZulu-Natal;ZA
43029;Western Cape;ZA
43030;Limpopo;ZA
43031;North West;ZA
43032;Eastern;ZM
43033;Northern;ZM
43034;Western;ZM
43035;Lusaka;ZM
43036;Central;ZM
43037;North-Western;ZM
43038;Southern;ZM
43039;Copperbelt;ZM
43040;Luapula;ZM
43041;Bulawayo;ZW
43042;Mashonaland Central;ZW
43043;Mashonaland West;ZW
43044;Matabeleland South;ZW
43045;Manicaland;ZW
43046;Midlands;ZW
43047;Matabeleland North;ZW
43048;Harare;ZW
43049;Masvingo;ZW
43050;Prizren;-99
43051;Bali;ID
43052;Majorca;ES
43053;Menorca;ES
43054;Goa;IN